Workbook

Sheet הגדרות
A1: פרמטר | B1: ערך | C1: הסבר
A2: תאריך תחילת חישוב | B2: 45956 | C2: ימי מילואים לפני תאריך זה לא נספרים. תקופה שהתחילה לפני ונמשכה אחריו נספרת מתאריך זה.
A3: תאריך תחילה שאינו נספר | B3: 46204 | C3: תקופה שהתחילה בתאריך זה או אחריו לא נספרת כלל.
A5: מקרא: תאים בצהוב = ניתן לשנות. בגיליון 'נתונים' מדביקים את הנתונים בעמודות A עד D (שורה 2 היא דוגמה בדויה - למחוק). עמודות E ו-F מחושבות אוטומטית, לא לגעת בהן.

Sheet נתונים
A1: תעודת זהות | B1: תאריך תחילת שירות המילואים הפעיל | C1: תאריך סיום שירות המילואים הפעיל | D1: סהכ ימים בשירות המילואים הפעיל | E1: ימים לחישוב (מחושב) | F1: מספור ייחודי (עזר)
A2: 000000018 | B2: 45901 | C2: 45940 | D2: =C2-B2+1 -> 40 | E2: =IF(OR(A2="",B2="",C2=""),"",IF(OR(B2>=הגדרות!$B$3,C2<MAX(B2,הגדרות!$B$2)),0,C2-MAX(B2,הגדרות!$B$2)+1)) -> 0 | F2: =IF(A2="","",IF(COUNTIF($A$2:A2,A2)=1,MAX($F$1:F1)+1,"")) -> 1
A3: 000000018 | B3: 45950 | C3: 45966 | D3: =C3-B3+1 -> 17 | E3: =IF(OR(A3="",B3="",C3=""),"",IF(OR(B3>=הגדרות!$B$3,C3<MAX(B3,הגדרות!$B$2)),0,C3-MAX(B3,הגדרות!$B$2)+1)) -> 11 | F3: =IF(A3="","",IF(COUNTIF($A$2:A3,A3)=1,MAX($F$1:F2)+1,""))
A4: 000000018 | B4: 46032 | C4: 46041 | D4: =C4-B4+1 -> 10 | E4: =IF(OR(A4="",B4="",C4=""),"",IF(OR(B4>=הגדרות!$B$3,C4<MAX(B4,הגדרות!$B$2)),0,C4-MAX(B4,הגדרות!$B$2)+1)) -> 10 | F4: =IF(A4="","",IF(COUNTIF($A$2:A4,A4)=1,MAX($F$1:F3)+1,""))
A5: 000000026 | B5: 46082 | C5: 46112 | D5: =C5-B5+1 -> 31 | E5: =IF(OR(A5="",B5="",C5=""),"",IF(OR(B5>=הגדרות!$B$3,C5<MAX(B5,הגדרות!$B$2)),0,C5-MAX(B5,הגדרות!$B$2)+1)) -> 31 | F5: =IF(A5="","",IF(COUNTIF($A$2:A5,A5)=1,MAX($F$1:F4)+1,"")) -> 2
A6: 000000026 | B6: 46204 | C6: 46223 | D6: =C6-B6+1 -> 20 | E6: =IF(OR(A6="",B6="",C6=""),"",IF(OR(B6>=הגדרות!$B$3,C6<MAX(B6,הגדרות!$B$2)),0,C6-MAX(B6,הגדרות!$B$2)+1)) -> 0 | F6: =IF(A6="","",IF(COUNTIF($A$2:A6,A6)=1,MAX($F$1:F5)+1,""))
A7: 000000034 | B7: 46193 | C7: 46213 | D7: =C7-B7+1 -> 21 | E7: =IF(OR(A7="",B7="",C7=""),"",IF(OR(B7>=הגדרות!$B$3,C7<MAX(B7,הגדרות!$B$2)),0,C7-MAX(B7,הגדרות!$B$2)+1)) -> 21 | F7: =IF(A7="","",IF(COUNTIF($A$2:A7,A7)=1,MAX($F$1:F6)+1,"")) -> 3
A8: 000000042 | B8: 45870 | C8: 45899 | D8: =C8-B8+1 -> 30 | E8: =IF(OR(A8="",B8="",C8=""),"",IF(OR(B8>=הגדרות!$B$3,C8<MAX(B8,הגדרות!$B$2)),0,C8-MAX(B8,הגדרות!$B$2)+1)) -> 0 | F8: =IF(A8="","",IF(COUNTIF($A$2:A8,A8)=1,MAX($F$1:F7)+1,"")) -> 4
E9: =IF(OR(A9="",B9="",C9=""),"",IF(OR(B9>=הגדרות!$B$3,C9<MAX(B9,הגדרות!$B$2)),0,C9-MAX(B9,הגדרות!$B$2)+1)) | F9: =IF(A9="","",IF(COUNTIF($A$2:A9,A9)=1,MAX($F$1:F8)+1,""))
E10: =IF(OR(A10="",B10="",C10=""),"",IF(OR(B10>=הגדרות!$B$3,C10<MAX(B10,הגדרות!$B$2)),0,C10-MAX(B10,הגדרות!$B$2)+1)) | F10: =IF(A10="","",IF(COUNTIF($A$2:A10,A10)=1,MAX($F$1:F9)+1,""))
E11: =IF(OR(A11="",B11="",C11=""),"",IF(OR(B11>=הגדרות!$B$3,C11<MAX(B11,הגדרות!$B$2)),0,C11-MAX(B11,הגדרות!$B$2)+1)) | F11: =IF(A11="","",IF(COUNTIF($A$2:A11,A11)=1,MAX($F$1:F10)+1,""))
E12: =IF(OR(A12="",B12="",C12=""),"",IF(OR(B12>=הגדרות!$B$3,C12<MAX(B12,הגדרות!$B$2)),0,C12-MAX(B12,הגדרות!$B$2)+1)) | F12: =IF(A12="","",IF(COUNTIF($A$2:A12,A12)=1,MAX($F$1:F11)+1,""))
E13: =IF(OR(A13="",B13="",C13=""),"",IF(OR(B13>=הגדרות!$B$3,C13<MAX(B13,הגדרות!$B$2)),0,C13-MAX(B13,הגדרות!$B$2)+1)) | F13: =IF(A13="","",IF(COUNTIF($A$2:A13,A13)=1,MAX($F$1:F12)+1,""))
E14: =IF(OR(A14="",B14="",C14=""),"",IF(OR(B14>=הגדרות!$B$3,C14<MAX(B14,הגדרות!$B$2)),0,C14-MAX(B14,הגדרות!$B$2)+1)) | F14: =IF(A14="","",IF(COUNTIF($A$2:A14,A14)=1,MAX($F$1:F13)+1,""))
E15: =IF(OR(A15="",B15="",C15=""),"",IF(OR(B15>=הגדרות!$B$3,C15<MAX(B15,הגדרות!$B$2)),0,C15-MAX(B15,הגדרות!$B$2)+1)) | F15: =IF(A15="","",IF(COUNTIF($A$2:A15,A15)=1,MAX($F$1:F14)+1,""))
E16: =IF(OR(A16="",B16="",C16=""),"",IF(OR(B16>=הגדרות!$B$3,C16<MAX(B16,הגדרות!$B$2)),0,C16-MAX(B16,הגדרות!$B$2)+1)) | F16: =IF(A16="","",IF(COUNTIF($A$2:A16,A16)=1,MAX($F$1:F15)+1,""))
E17: =IF(OR(A17="",B17="",C17=""),"",IF(OR(B17>=הגדרות!$B$3,C17<MAX(B17,הגדרות!$B$2)),0,C17-MAX(B17,הגדרות!$B$2)+1)) | F17: =IF(A17="","",IF(COUNTIF($A$2:A17,A17)=1,MAX($F$1:F16)+1,""))
E18: =IF(OR(A18="",B18="",C18=""),"",IF(OR(B18>=הגדרות!$B$3,C18<MAX(B18,הגדרות!$B$2)),0,C18-MAX(B18,הגדרות!$B$2)+1)) | F18: =IF(A18="","",IF(COUNTIF($A$2:A18,A18)=1,MAX($F$1:F17)+1,""))
E19: =IF(OR(A19="",B19="",C19=""),"",IF(OR(B19>=הגדרות!$B$3,C19<MAX(B19,הגדרות!$B$2)),0,C19-MAX(B19,הגדרות!$B$2)+1)) | F19: =IF(A19="","",IF(COUNTIF($A$2:A19,A19)=1,MAX($F$1:F18)+1,""))
E20: =IF(OR(A20="",B20="",C20=""),"",IF(OR(B20>=הגדרות!$B$3,C20<MAX(B20,הגדרות!$B$2)),0,C20-MAX(B20,הגדרות!$B$2)+1)) | F20: =IF(A20="","",IF(COUNTIF($A$2:A20,A20)=1,MAX($F$1:F19)+1,""))
... E2001: =IF(OR(A2001="",B2001="",C2001=""),"",IF(OR(B2001>=הגדרות!$B$3,C2001<MAX(B2001,הגדרות!$B$2)),0,C2001-MAX(B2001,הגדרות!$B$2)+1)) | F2001: =IF(A2001="","",IF(COUNTIF($A$2:A2001,A2001)=1,MAX($F$1:F2000)+1,""))

Sheet סיכום לפי סטודנט
A1: תעודת זהות | B1: סהכ ימי מילואים לחישוב | C1: מספר תקופות שנספרו
A2: =IFERROR(INDEX(נתונים!$A$2:$A$2001,MATCH(ROW()-1,נתונים!$F$2:$F$2001,0)),"") -> 000000018 | B2: =IF(A2="","",SUMIF(נתונים!$A$2:$A$2001,A2,נתונים!$E$2:$E$2001)) -> 21 | C2: =IF(A2="","",COUNTIFS(נתונים!$A$2:$A$2001,A2,נתונים!$E$2:$E$2001,">0")) -> 2
A3: =IFERROR(INDEX(נתונים!$A$2:$A$2001,MATCH(ROW()-1,נתונים!$F$2:$F$2001,0)),"") -> 000000026 | B3: =IF(A3="","",SUMIF(נתונים!$A$2:$A$2001,A3,נתונים!$E$2:$E$2001)) -> 31 | C3: =IF(A3="","",COUNTIFS(נתונים!$A$2:$A$2001,A3,נתונים!$E$2:$E$2001,">0")) -> 1
A4: =IFERROR(INDEX(נתונים!$A$2:$A$2001,MATCH(ROW()-1,נתונים!$F$2:$F$2001,0)),"") -> 000000034 | B4: =IF(A4="","",SUMIF(נתונים!$A$2:$A$2001,A4,נתונים!$E$2:$E$2001)) -> 21 | C4: =IF(A4="","",COUNTIFS(נתונים!$A$2:$A$2001,A4,נתונים!$E$2:$E$2001,">0")) -> 1
A5: =IFERROR(INDEX(נתונים!$A$2:$A$2001,MATCH(ROW()-1,נתונים!$F$2:$F$2001,0)),"") -> 000000042 | B5: =IF(A5="","",SUMIF(נתונים!$A$2:$A$2001,A5,נתונים!$E$2:$E$2001)) -> 0 | C5: =IF(A5="","",COUNTIFS(נתונים!$A$2:$A$2001,A5,נתונים!$E$2:$E$2001,">0")) -> 0
A6: =IFERROR(INDEX(נתונים!$A$2:$A$2001,MATCH(ROW()-1,נתונים!$F$2:$F$2001,0)),"") | B6: =IF(A6="","",SUMIF(נתונים!$A$2:$A$2001,A6,נתונים!$E$2:$E$2001)) | C6: =IF(A6="","",COUNTIFS(נתונים!$A$2:$A$2001,A6,נתונים!$E$2:$E$2001,">0"))
A7: =IFERROR(INDEX(נתונים!$A$2:$A$2001,MATCH(ROW()-1,נתונים!$F$2:$F$2001,0)),"") | B7: =IF(A7="","",SUMIF(נתונים!$A$2:$A$2001,A7,נתונים!$E$2:$E$2001)) | C7: =IF(A7="","",COUNTIFS(נתונים!$A$2:$A$2001,A7,נתונים!$E$2:$E$2001,">0"))
A8: =IFERROR(INDEX(נתונים!$A$2:$A$2001,MATCH(ROW()-1,נתונים!$F$2:$F$2001,0)),"") | B8: =IF(A8="","",SUMIF(נתונים!$A$2:$A$2001,A8,נתונים!$E$2:$E$2001)) | C8: =IF(A8="","",COUNTIFS(נתונים!$A$2:$A$2001,A8,נתונים!$E$2:$E$2001,">0"))
A9: =IFERROR(INDEX(נתונים!$A$2:$A$2001,MATCH(ROW()-1,נתונים!$F$2:$F$2001,0)),"") | B9: =IF(A9="","",SUMIF(נתונים!$A$2:$A$2001,A9,נתונים!$E$2:$E$2001)) | C9: =IF(A9="","",COUNTIFS(נתונים!$A$2:$A$2001,A9,נתונים!$E$2:$E$2001,">0"))
A10: =IFERROR(INDEX(נתונים!$A$2:$A$2001,MATCH(ROW()-1,נתונים!$F$2:$F$2001,0)),"") | B10: =IF(A10="","",SUMIF(נתונים!$A$2:$A$2001,A10,נתונים!$E$2:$E$2001)) | C10: =IF(A10="","",COUNTIFS(נתונים!$A$2:$A$2001,A10,נתונים!$E$2:$E$2001,">0"))
A11: =IFERROR(INDEX(נתונים!$A$2:$A$2001,MATCH(ROW()-1,נתונים!$F$2:$F$2001,0)),"") | B11: =IF(A11="","",SUMIF(נתונים!$A$2:$A$2001,A11,נתונים!$E$2:$E$2001)) | C11: =IF(A11="","",COUNTIFS(נתונים!$A$2:$A$2001,A11,נתונים!$E$2:$E$2001,">0"))
A12: =IFERROR(INDEX(נתונים!$A$2:$A$2001,MATCH(ROW()-1,נתונים!$F$2:$F$2001,0)),"") | B12: =IF(A12="","",SUMIF(נתונים!$A$2:$A$2001,A12,נתונים!$E$2:$E$2001)) | C12: =IF(A12="","",COUNTIFS(נתונים!$A$2:$A$2001,A12,נתונים!$E$2:$E$2001,">0"))
A13: =IFERROR(INDEX(נתונים!$A$2:$A$2001,MATCH(ROW()-1,נתונים!$F$2:$F$2001,0)),"") | B13: =IF(A13="","",SUMIF(נתונים!$A$2:$A$2001,A13,נתונים!$E$2:$E$2001)) | C13: =IF(A13="","",COUNTIFS(נתונים!$A$2:$A$2001,A13,נתונים!$E$2:$E$2001,">0"))
... A2001: =IFERROR(INDEX(נתונים!$A$2:$A$2001,MATCH(ROW()-1,נתונים!$F$2:$F$2001,0)),"") | B2001: =IF(A2001="","",SUMIF(נתונים!$A$2:$A$2001,A2001,נתונים!$E$2:$E$2001)) | C2001: =IF(A2001="","",COUNTIFS(נתונים!$A$2:$A$2001,A2001,נתונים!$E$2:$E$2001,">0"))
